{"cell24_vertices": [[-0.8164965809277259, 0.5773502691896255, -1.9428902930940235e-16], [-0.4082482904638629, -0.5773502691896257, -8.326672684688673e-17], [0.4082482904638629, 0.5773502691896257, 8.326672684688673e-17], [0.8164965809277259, -0.5773502691896255, 1.9428902930940235e-16], [-0.4082482904638629, 0.2886751345948128, -0.5], [-0.8164965809277259, -0.2886751345948129, 0.49999999999999967], [0.8164965809277259, 0.2886751345948129, -0.49999999999999967], [0.4082482904638629, -0.2886751345948128, 0.5], [-0.4082482904638629, 0.2886751345948128, 0.4999999999999998], [-0.8164965809277259, -0.2886751345948129, -0.5000000000000001], [0.8164965809277259, 0.2886751345948129, 0.5000000000000001], [0.4082482904638629, -0.2886751345948128, -0.4999999999999998], [0.0, 0.8660254037844385, -0.49999999999999994], [-0.40824829046386296, 0.28867513459481275, 0.4999999999999998], [0.40824829046386296, -0.28867513459481275, -0.4999999999999998], [0.0, -0.8660254037844385, 0.49999999999999994], [0.0, 0.8660254037844385, 0.49999999999999983], [-0.40824829046386296, 0.28867513459481275, -0.5], [0.40824829046386296, -0.28867513459481275, 0.5], [0.0, -0.8660254037844385, -0.49999999999999983], [0.40824829046386296, 0.5773502691896257, 7.850462293418873e-17], [0.0, 0.0, -0.9999999999999997], [0.0, 0.0, 0.9999999999999997], [-0.40824829046386296, -0.5773502691896257, -7.850462293418873e-17]], "cell24_edges": [[0, 4], [0, 5], [0, 8], [0, 9], [0, 12], [0, 13], [0, 16], [0, 17], [1, 4], [1, 5], [1, 8], [1, 9], [1, 14], [1, 15], [1, 18], [1, 19], [2, 6], [2, 7], [2, 10], [2, 11], [2, 12], [2, 13], [2, 16], [2, 17], [3, 6], [3, 7], [3, 10], [3, 11], [3, 14], [3, 15], [3, 18], [3, 19], [4, 8], [4, 9], [4, 12], [4, 14], [4, 20], [4, 21], [5, 8], [5, 9], [5, 13], [5, 15], [5, 22], [5, 23], [6, 10], [6, 11], [6, 12], [6, 14], [6, 20], [6, 21], [7, 10], [7, 11], [7, 13], [7, 15], [7, 22], [7, 23], [8, 16], [8, 18], [8, 20], [8, 22], [9, 17], [9, 19], [9, 21], [9, 23], [10, 16], [10, 18], [10, 20], [10, 22], [11, 17], [11, 19], [11, 21], [11, 23], [12, 16], [12, 17], [12, 20], [12, 21], [13, 16], [13, 17], [13, 22], [13, 23], [14, 18], [14, 19], [14, 20], [14, 21], [15, 18], [15, 19], [15, 22], [15, 23], [16, 20], [16, 22], [17, 21], [17, 23], [18, 20], [18, 22], [19, 21], [19, 23]], "cell24_a2_fibers": [0, 1, 1, 0, 0, 2, 2, 0, 1, 2, 2, 1, 3, 0, 0, 3, 1, 3, 3, 1, 3, 2, 2, 3], "root_a2_fiber": {"88": 0, "91": 0, "92": 0, "95": 0, "101": 0, "102": 0, "89": 1, "90": 1, "96": 1, "99": 1, "104": 1, "107": 1, "93": 2, "94": 2, "97": 2, "98": 2, "109": 2, "110": 2, "100": 3, "103": 3, "105": 3, "106": 3, "108": 3, "111": 3, "13": 0, "14": 0, "119": 0, "172": 0, "179": 0, "232": 0, "41": 1, "42": 1, "127": 1, "157": 1, "194": 1, "224": 1, "65": 2, "66": 2, "149": 2, "164": 2, "187": 2, "202": 2, "85": 3, "86": 3, "134": 3, "142": 3, "209": 3, "217": 3, "16": 0, "19": 0, "116": 0, "169": 0, "182": 0, "235": 0, "37": 1, "38": 1, "125": 1, "153": 1, "198": 1, "226": 1, "69": 2, "70": 2, "144": 2, "160": 2, "191": 2, "207": 2, "80": 3, "83": 3, "132": 3, "141": 3, "210": 3, "219": 3, "20": 0, "23": 0, "118": 0, "168": 0, "183": 0, "233": 0, "48": 1, "51": 1, "124": 1, "156": 1, "195": 1, "227": 1, "57": 2, "58": 2, "150": 2, "162": 2, "189": 2, "201": 2, "77": 3, "78": 3, "130": 3, "136": 3, "215": 3, "221": 3, "24": 0, "27": 0, "117": 0, "170": 0, "181": 0, "234": 0, "45": 1, "46": 1, "121": 1, "152": 1, "199": 1, "230": 1, "60": 2, "63": 2, "148": 2, "166": 2, "185": 2, "203": 2, "73": 3, "74": 3, "135": 3, "139": 3, "212": 3, "216": 3, "25": 0, "26": 0, "114": 0, "173": 0, "178": 0, "237": 0, "44": 1, "47": 1, "126": 1, "159": 1, "192": 1, "225": 1, "61": 2, "62": 2, "147": 2, "161": 2, "190": 2, "204": 2, "72": 3, "75": 3, "128": 3, "140": 3, "211": 3, "223": 3, "21": 0, "22": 0, "113": 0, "175": 0, "176": 0, "238": 0, "49": 1, "50": 1, "123": 1, "155": 1, "196": 1, "228": 1, "56": 2, "59": 2, "145": 2, "165": 2, "186": 2, "206": 2, "76": 3, "79": 3, "133": 3, "143": 3, "208": 3, "218": 3, "17": 0, "18": 0, "115": 0, "174": 0, "177": 0, "236": 0, "36": 1, "39": 1, "122": 1, "158": 1, "193": 1, "229": 1, "68": 2, "71": 2, "151": 2, "167": 2, "184": 2, "200": 2, "81": 3, "82": 3, "131": 3, "138": 3, "213": 3, "220": 3, "12": 0, "15": 0, "112": 0, "171": 0, "180": 0, "239": 0, "40": 1, "43": 1, "120": 1, "154": 1, "197": 1, "231": 1, "64": 2, "67": 2, "146": 2, "163": 2, "188": 2, "205": 2, "84": 3, "87": 3, "129": 3, "137": 3, "214": 3, "222": 3, "0": 0, "3": 0, "4": 0, "7": 0, "29": 0, "30": 0, "1": 1, "2": 1, "8": 1, "11": 1, "32": 1, "35": 1, "5": 2, "6": 2, "9": 2, "10": 2, "53": 2, "54": 2, "28": 3, "31": 3, "33": 3, "34": 3, "52": 3, "55": 3}, "hex_rings": [[0, 3, 4, 7, 13, 14], [1, 2, 8, 11, 16, 19], [5, 6, 9, 10, 21, 22], [12, 15, 17, 18, 20, 23]], "intra_fiber_edges": [[0, 4], [0, 13], [1, 8], [1, 19], [2, 11], [2, 16], [3, 7], [3, 14], [4, 14], [5, 9], [5, 22], [6, 10], [6, 21], [7, 13], [8, 16], [9, 21], [10, 22], [11, 19], [12, 17], [12, 20], [15, 18], [15, 23], [17, 23], [18, 20]], "inter_fiber_edges": [[0, 5], [0, 8], [0, 9], [0, 12], [0, 16], [0, 17], [1, 4], [1, 5], [1, 9], [1, 14], [1, 15], [1, 18], [2, 6], [2, 7], [2, 10], [2, 12], [2, 13], [2, 17], [3, 6], [3, 10], [3, 11], [3, 15], [3, 18], [3, 19], [4, 8], [4, 9], [4, 12], [4, 20], [4, 21], [5, 8], [5, 13], [5, 15], [5, 23], [6, 11], [6, 12], [6, 14], [6, 20], [7, 10], [7, 11], [7, 15], [7, 22], [7, 23], [8, 18], [8, 20], [8, 22], [9, 17], [9, 19], [9, 23], [10, 16], [10, 18], [10, 20], [11, 17], [11, 21], [11, 23], [12, 16], [12, 21], [13, 16], [13, 17], [13, 22], [13, 23], [14, 18], [14, 19], [14, 20], [14, 21], [15, 19], [15, 22], [16, 20], [16, 22], [17, 21], [18, 22], [19, 21], [19, 23]]}